"Name","Address","Job role","Childs","Email","Description"
"Chad Brooks","019 Bruce Camp
Jamesstad, MO 83411","Clinical biochemist","0","atkinstimothygmail.com","8"
"Kimberly Armstrong","763 Sullivan Highway Suite 520
Murphyburgh, LA 56087","Mental health nurse","2","imarquez1young.com","10"
"Michael Bell","8746 Catherine Lights
Jeffhaven, NC 29230","Science writer","2","ashley066harrison-cooke.com","7"
"Melody Macdonald","270 Jeffrey Hill Apt. 235
Frankmouth, IL 06445","Educational psychologist","3","hollyguerrero5hotmail.com","10"
"Brittany Whitney","6714 Alvarado Port Suite 680
New Brandonside, ME 88874","Town planner","3","tcastillolester.com","6"
